{
    "cX": 2.9000000953674316,
    "cY": 3.5999999046325684,
    "cZ": 4.599999904632568,
    "pX": -2.4000000953674316,
    "pY": 2.299999952316284,
    "pZ": -0.30000001192092896
}