{
    "pX": -0.2750000059604645,
    "pY": -1.1449999809265137,
    "pZ": 0.46000000834465027,
    "rX": 0.0,
    "rY": 0.0,
    "rZ": 0.0,
    "sX": 0.09000000357627869,
    "sY": 0.12999999523162842,
    "sZ": 0.20999999344348907
}