{
    "pX": -0.39500001072883606,
    "pY": -1.2300000190734863,
    "pZ": 0.6949999928474426,
    "rX": 8.09761372538853e-12,
    "rY": 0.0,
    "rZ": 0.0,
    "sX": 0.125,
    "sY": 0.014999999664723873,
    "sZ": 0.014999999664723873
}