{
    "pX": -0.5199999809265137,
    "pY": -1.1299999952316284,
    "pZ": 0.46000000834465027,
    "rX": 0.0,
    "rY": 0.0,
    "rZ": 0.0,
    "sX": 0.10499999672174454,
    "sY": 0.13500000536441803,
    "sZ": 0.19499999284744263
}