{
    "cX": 4.0,
    "cY": 4.0,
    "cZ": 4.0,
    "pX": -9.0,
    "pY": 25.399999618530273,
    "pZ": -44.400001525878906,
    "rX": 0.0,
    "rY": 0.0,
    "rZ": 0.0
}