{
    "pX": -0.4835236370563507,
    "pY": -0.30463606119155884,
    "pZ": 1.471022605895996,
    "tX": -0.43360579013824463,
    "tY": -0.9743455052375793,
    "tZ": 0.730078935623169
}