{
    "modelIndex": 11,
    "physicsType": "static",
    "positionX": -0.009999999776482582,
    "positionY": -0.8999999761581421,
    "positionZ": 0.699999988079071,
    "rotationX": 0.0,
    "rotationY": 21.0,
    "rotationZ": 26.0
}