{
    "modelIndex": 10,
    "physicsType": "static",
    "positionX": -0.4300000071525574,
    "positionY": -1.149999976158142,
    "positionZ": -0.22499999403953552,
    "rotationX": 180.0,
    "rotationY": 0.0,
    "rotationZ": 0.0
}