{
    "modelIndex": 9,
    "physicsType": "static",
    "positionX": -0.19499999284744263,
    "positionY": -1.1299999952316284,
    "positionZ": -0.7300000190734863,
    "rotationX": 180.0,
    "rotationY": -180.5,
    "rotationZ": 5.0
}