{
    "modelIndex": 12,
    "physicsType": "static",
    "positionX": -0.3499999940395355,
    "positionY": -1.1100000143051147,
    "positionZ": -0.875,
    "rotationX": 180.0,
    "rotationY": 0.0,
    "rotationZ": 21.0
}