{
    "modelIndex": 2,
    "physicsType": "static",
    "positionX": -0.5199999809265137,
    "positionY": -1.2300000190734863,
    "positionZ": 0.5899999737739563,
    "rotationX": 0.0,
    "rotationY": -30.0,
    "rotationZ": 0.0
}