{
    "modelIndex": 5,
    "physicsType": "static",
    "positionX": -0.11500000208616257,
    "positionY": -1.1519999504089355,
    "positionZ": -0.38999998569488525,
    "rotationX": 180.0,
    "rotationY": 13.5,
    "rotationZ": 13.0
}