{
    "modelIndex": 7,
    "physicsType": "static",
    "positionX": -0.03999999910593033,
    "positionY": -1.1799999475479126,
    "positionZ": -0.03999999910593033,
    "rotationX": 180.0,
    "rotationY": 0.0,
    "rotationZ": 12.5
}