{
    "modelIndex": 14,
    "physicsType": "static",
    "positionX": -0.1850000023841858,
    "positionY": -1.225000023841858,
    "positionZ": 0.47999998927116394,
    "rotationX": 185.5,
    "rotationY": 132.0,
    "rotationZ": 3.5
}