{
    "modelIndex": 1,
    "physicsType": "static",
    "positionX": -0.5649999976158142,
    "positionY": -1.1950000524520874,
    "positionZ": 0.03500000014901161,
    "rotationX": 180.0,
    "rotationY": 0.0,
    "rotationZ": 15.0
}