{
    "modelIndex": 1,
    "physicsType": "static",
    "positionX": 1.1100000143051147,
    "positionY": 0.07999999821186066,
    "positionZ": -4.315000057220459,
    "rotationX": 0.0,
    "rotationY": 165.0,
    "rotationZ": 180.0
}