{
    "modelIndex": 1,
    "physicsType": "static",
    "positionX": -0.3400000035762787,
    "positionY": -1.2000000476837158,
    "positionZ": 0.009999999776482582,
    "rotationX": 180.0,
    "rotationY": 0.0,
    "rotationZ": 15.5
}