{
    "modelIndex": 4,
    "physicsType": "static",
    "positionX": -0.5799999833106995,
    "positionY": -1.225000023841858,
    "positionZ": 0.4699999988079071,
    "rotationX": 180.0,
    "rotationY": 242.0,
    "rotationZ": 0.0
}