{
    "modelIndex": 4,
    "physicsType": "static",
    "positionX": -0.3499999940395355,
    "positionY": -1.159999966621399,
    "positionZ": -0.375,
    "rotationX": 180.0,
    "rotationY": 0.0,
    "rotationZ": 15.0
}