{
    "modelIndex": 15,
    "physicsType": "static",
    "positionX": -0.8050000071525574,
    "positionY": -1.125,
    "positionZ": -0.5550000071525574,
    "rotationX": 194.5,
    "rotationY": 345.0,
    "rotationZ": 92.5
}