{
    "pX": -1.9314147233963013,
    "pY": -0.03254808858036995,
    "pZ": -4.384093284606934,
    "tX": -1.5027567148208618,
    "tY": -0.022932933643460274,
    "tZ": -3.4713802337646484
}