{
    "pX": 2.897862434387207,
    "pY": 0.19288776814937592,
    "pZ": -3.5951740741729736,
    "tX": 2.3423960208892822,
    "tY": 0.23722589015960693,
    "tZ": -2.764817953109741
}