{
    "cX": 1.0,
    "cY": 2.0,
    "cZ": 4.0,
    "pX": -0.4000000059604645,
    "pY": -0.8999999761581421,
    "pZ": 0.20000000298023224,
    "rX": -0.10000000149011612,
    "rY": 1.399999976158142,
    "rZ": 0.5
}